,Year,Average Annual Producibility
8,2018,0.17594967009132417
6,2016,0.17821315182648353
11,2021,0.1791137111872142
3,2013,0.18013907305936105
0,2010,0.1805548652968036
5,2015,0.1815677363013695
1,2011,0.18167605365296854
10,2020,0.1839013253424663
9,2019,0.18467203995433734
2,2012,0.18468368036529687
4,2014,0.18565119520547924
7,2017,0.18717360844748818
